AA,Dim1,Dim2,Dim3,Dim4,Dim5,Dim6,Dim7,Dim8,Dim9,Dim10,Dim11,Dim12,Dim13,Dim14,Dim15,Dim16,Dim17,Dim18,Dim19,Dim20
A,0.2901,0.0446,0.0427,0.041,0.065,0.0559,0.0552,0.0783,0.042,0.0471,0.0445,0.057,0.0522,0.0338,0.0568,0.1099,0.073,0.0303,0.0405,0.07
R,0.031,0.345,0.0449,0.0299,0.0163,0.0735,0.0497,0.0229,0.0458,0.0177,0.0243,0.1071,0.0321,0.019,0.0258,0.0401,0.0355,0.0227,0.028,0.0219
N,0.0256,0.0388,0.3169,0.069,0.0163,0.0441,0.0405,0.0391,0.0534,0.0147,0.0142,0.0415,0.0201,0.0169,0.0233,0.0541,0.0434,0.0152,0.0218,0.0165
D,0.0297,0.031,0.0831,0.3974,0.0163,0.0471,0.0902,0.0337,0.0382,0.0177,0.0152,0.0415,0.0201,0.0169,0.031,0.0489,0.0375,0.0152,0.0187,0.0178
C,0.0216,0.0078,0.009,0.0075,0.4837,0.0088,0.0074,0.0108,0.0076,0.0162,0.0162,0.0086,0.0161,0.0106,0.0103,0.0175,0.0178,0.0076,0.0093,0.0192
Q,0.0256,0.0484,0.0337,0.0299,0.0122,0.2147,0.0645,0.0189,0.0382,0.0133,0.0162,0.0535,0.0281,0.0106,0.0207,0.0332,0.0276,0.0152,0.0218,0.0165
E,0.0405,0.0523,0.0494,0.0914,0.0163,0.1029,0.2965,0.0256,0.0534,0.0177,0.0202,0.0708,0.0281,0.019,0.0362,0.0524,0.0394,0.0227,0.028,0.0233
G,0.0783,0.0329,0.0652,0.0466,0.0325,0.0412,0.035,0.5101,0.0382,0.0206,0.0213,0.0432,0.0281,0.0254,0.0362,0.0663,0.0434,0.0303,0.0249,0.0247
H,0.0148,0.0233,0.0315,0.0187,0.0081,0.0294,0.0258,0.0135,0.355,0.0088,0.0101,0.0207,0.0161,0.0169,0.0129,0.0192,0.0138,0.0152,0.0467,0.0082
I,0.0432,0.0233,0.0225,0.0224,0.0447,0.0265,0.0221,0.0189,0.0229,0.271,0.1154,0.0276,0.1004,0.0634,0.0258,0.0297,0.0533,0.0303,0.0436,0.1646
L,0.0594,0.0465,0.0315,0.028,0.065,0.0471,0.0368,0.0283,0.0382,0.1679,0.3755,0.0432,0.1968,0.1142,0.0362,0.0419,0.0651,0.053,0.0685,0.1303
K,0.0445,0.1202,0.0539,0.0448,0.0203,0.0912,0.0755,0.0337,0.0458,0.0236,0.0253,0.2781,0.0361,0.019,0.0413,0.0541,0.0454,0.0227,0.0312,0.0261
M,0.0175,0.0155,0.0112,0.0093,0.0163,0.0206,0.0129,0.0094,0.0153,0.0368,0.0496,0.0155,0.1606,0.0254,0.0103,0.0157,0.0197,0.0152,0.0187,0.0316
F,0.0216,0.0174,0.018,0.0149,0.0203,0.0147,0.0166,0.0162,0.0305,0.0442,0.0547,0.0155,0.0482,0.3869,0.0129,0.0209,0.0237,0.0606,0.1308,0.0357
P,0.0297,0.0194,0.0202,0.0224,0.0163,0.0235,0.0258,0.0189,0.0191,0.0147,0.0142,0.0276,0.0161,0.0106,0.4935,0.0297,0.0276,0.0076,0.0156,0.0165
S,0.085,0.0446,0.0697,0.0522,0.0407,0.0559,0.0552,0.0513,0.042,0.025,0.0243,0.0535,0.0361,0.0254,0.0439,0.2199,0.0927,0.0227,0.0312,0.0329
T,0.0499,0.0349,0.0494,0.0354,0.0366,0.0412,0.0368,0.0297,0.0267,0.0398,0.0334,0.0397,0.0402,0.0254,0.0362,0.082,0.2465,0.0227,0.028,0.0494
W,0.0054,0.0058,0.0045,0.0037,0.0041,0.0059,0.0055,0.0054,0.0076,0.0059,0.0071,0.0052,0.008,0.0169,0.0026,0.0052,0.0059,0.4924,0.028,0.0055
Y,0.0175,0.0174,0.0157,0.0112,0.0122,0.0206,0.0166,0.0108,0.0573,0.0206,0.0223,0.0173,0.0241,0.0888,0.0129,0.0175,0.0178,0.0682,0.3178,0.0206
V,0.0688,0.031,0.027,0.0243,0.0569,0.0353,0.0313,0.0243,0.0229,0.1767,0.0962,0.0328,0.0924,0.055,0.031,0.0419,0.071,0.0303,0.0467,0.2689
